{"tanh": 0.6065915822982788, "elu": 0.0020859406795352697, "softmax": 0.6174384355545044, "selu": 0.5828118324279785, "softplus": 0.567793071269989, "softsign": 0.6153525114059448, "relu": 0.3825615346431732, "sigmoid": 0.6065915822982788, "hard_sigmoid": 0.5924071669578552, "exponential": 0.0, "linear": 0.5732164978981018, "epochs": 15, "batch_size": 200, "number_files_used": 12}