{
  "number_files_used": 12,
  "softmax_softplus": 0.6580958962440491,
  "softmax_softsign": 0.0,
  "softmax_sigmoid": 0.6580958962440491,
  "softmax_hard_sigmoid": 0.6580958962440491,
  "softplus_softsign": 0.6580958962440491,
  "softplus_sigmoid": 0.718207061290741,
  "softplus_hard_sigmoid": 0.7432244420051575,
  "softsign_sigmoid": 0.7157748341560364,
  "softsign_hard_sigmoid": 0.6917998790740967,
  "sigmoid_hard_sigmoid": 0.7373175621032715
}
