{
  "number_files_used": 12,
  "softplus_sigmoid": 0.7466990947723389,
  "softsign_sigmoid": 0.7289784550666809,
  "softsign_hard_sigmoid": 0.7338429689407349,
  "sigmoid_hard_sigmoid": 0.7515636086463928
}
