{"number_files_used": 12, "softmax_softplus": 0.6580958962440491, "softmax_softsign": 0.0, "softmax_sigmoid": 0.6580958962440491, "softmax_hard_sigmoid": 0.6580958962440491, "softplus_softsign": 0.7400972843170166, "softplus_sigmoid": 0.7421820759773254, "softplus_hard_sigmoid": 0.7515636086463928, "softsign_sigmoid": 0.7352328300476074, "softsign_hard_sigmoid": 0.7432244420051575, "sigmoid_hard_sigmoid": 0.6580958962440491}