{
  "number_files_used": 12,
  "softmax_softplus_softsign_sigmoid": 0.3419041037559509,
  "softmax_softplus_softsign_hard_sigmoid": 0.6580958962440491,
  "softmax_softplus_sigmoid_hard_sigmoid": 0.6580958962440491,
  "softmax_softsign_sigmoid_hard_sigmoid": 0.6580958962440491,
  "softplus_softsign_sigmoid_hard_sigmoid": 0.6580958962440491
}
