{
  "epochs": 10,
  "batch_size": 500,
  "number_files_used": 12,
  "tanh": 0.5811430811882019,
  "elu": 0.0008343763183802366,
  "softmax": 0.6174384355545044,
  "selu": 0.622861921787262,
  "softplus": 0.6249478459358215,
  "softsign": 0.6178556680679321,
  "relu": 0.6220275163650513,
  "sigmoid": 0.6266165971755981,
  "hard_sigmoid": 0.6195244193077087,
  "exponential": 0.6245306730270386,
  "linear": 0.0
}
