{
  "epochs": 10,
  "batch_size": 1000,
  "number_files_used": 12,
  "tanh": 0.6191072463989258,
  "elu": 0.0004171881591901183,
  "softmax": 0.6174384355545044,
  "selu": 0.0008343763183802366,
  "softplus": 0.6199415922164917,
  "softsign": 0.6178556680679321,
  "relu": 0.3825615346431732,
  "sigmoid": 0.618690013885498,
  "hard_sigmoid": 0.6174384355545044,
  "exponential": 0.6191072463989258,
  "linear": 0.6182728409767151
}
