{
  "epochs": 10,
  "batch_size": 750,
  "number_files_used": 12,
  "tanh": 0.6199415922164917,
  "elu": 0.00542344618588686,
  "softmax": 0.6174384355545044,
  "selu": 0.00500625791028142,
  "softplus": 0.6236962676048279,
  "softsign": 0.6174384355545044,
  "relu": 0.3825615346431732,
  "sigmoid": 0.6207759976387024,
  "hard_sigmoid": 0.6199415922164917,
  "exponential": 0.6174384355545044,
  "linear": 0.0
}
