{
  "epochs": 20,
  "batch_size": 100,
  "number_files_used": 12,
  "tanh": 0.5853149890899658,
  "elu": 0.005840633995831013,
  "softmax": 0.6174384355545044,
  "selu": 0.5273258090019226,
  "softplus": 0.47559449076652527,
  "softsign": 0.6086775064468384,
  "relu": 0.0,
  "sigmoid": 0.6020025014877319,
  "hard_sigmoid": 0.6032540798187256,
  "exponential": 0.4772632420063019,
  "linear": 0.5160617232322693
}
