{"epochs": 5, "batch_size": 1000, "number_files_used": 12, "tanh": 0.6115978360176086, "elu": 0.0004171881591901183, "softmax": 0.6174384355545044, "selu": 0.6174384355545044, "softplus": 0.6174384355545044, "softsign": 0.6174384355545044, "relu": 0.0041718813590705395, "sigmoid": 0.6174384355545044, "hard_sigmoid": 0.6174384355545044, "exponential": 0.6174384355545044, "linear": 0.001251564477570355}