{"number_files_used": 12, "softplus_sigmoid": 0.7355802655220032, "softsign_sigmoid": 0.7289784550666809, "softsign_hard_sigmoid": 0.6580958962440491, "sigmoid_hard_sigmoid": 0.6580958962440491}