{
  "number_files_used": 12,
  "softplus_sigmoid": 0.6580958962440491,
  "softsign_sigmoid": 0.6803335547447205,
  "softsign_hard_sigmoid": 0.6584433913230896,
  "sigmoid_hard_sigmoid": 0.3419041037559509
}
